replicate_id,pair_id,scenario_name,powertrain,origin_name,destination_name,reefer_on,shared_seed,traffic_state_id,departure_state_id,ambient_state_id,route_id,base_route_distance_miles,trip_distance_miles,trip_duration_hours,congestion_delay_hours,refrigeration_runtime_hours,diesel_gallons,traction_electricity_kwh,charging_events,charging_energy_kwh,charging_time_hours,total_trip_co2_kg,payload_kg_delivered,energy_density_kcal_per_kg,total_kcal_delivered,co2_per_1000kcal
1,DISTRIBUTION_DAVIS_bev_seed_4600,dry_bev,bev,Kansas Plant,"Davis, CA Petco",FALSE,4600,stochastic_tm0.9870_qd10.58,seed_4600,ambient_78.46,6b88a97d8f305b6b031d969855c6487a8bff10cadafd6ed6940f2fa0c11c1138,1712.31259444842,1712.2245075939,71.553080338793,0.176350756152839,0,0,4490.7726689723,18,4490.7726689723,36.8560611691215,1862.12871784866,16274.8942356,3283.76888901973,53442991.3629499,0.0348432726230143
1,DISTRIBUTION_DAVIS_diesel_seed_4600,dry_diesel,diesel,Kansas Plant,"Davis, CA Petco",FALSE,4600,stochastic_tm0.9870_qd10.58,seed_4600,ambient_78.46,6b88a97d8f305b6b031d969855c6487a8bff10cadafd6ed6940f2fa0c11c1138,1712.31259444842,1712.2245075939,35.7527106577164,0.574914875357216,0,230.963044352238,0,0,0,0,3733.74786370398,16274.8942356,3283.76888901973,53442991.3629499,0.0698641256502055
1,DISTRIBUTION_DAVIS_bev_seed_4600,refrigerated_bev,bev,Texas Plant,"Davis, CA Petco",TRUE,4600,stochastic_tm0.9870_qd10.58,seed_4600,ambient_78.46,77d76aed2cedb894eabb52e1f4bb2f347c5c2d411a5b10d914f2b3b710d3b42f,1787.2456106339,1787.16634525737,96.2863686476231,1.06256984945444,96.2863686476231,0,4687.32794244784,23,5208.78871692832,59.1844870253896,2159.85884166745,3502.64028114,2108.96148806457,7386933.45946792,0.292389102124527
1,DISTRIBUTION_DAVIS_diesel_seed_4600,refrigerated_diesel,diesel,Texas Plant,"Davis, CA Petco",TRUE,4600,stochastic_tm0.9870_qd10.58,seed_4600,ambient_78.46,77d76aed2cedb894eabb52e1f4bb2f347c5c2d411a5b10d914f2b3b710d3b42f,1787.2456106339,1787.16634525737,37.3516388974749,0.54666702873098,37.3516388974749,276.51031472389,0,0,0,0,4197.78962635093,3502.64028114,2108.96148806457,7386933.45946792,0.568272294502744
2,DISTRIBUTION_DAVIS_bev_seed_4601,dry_bev,bev,Kansas Plant,"Davis, CA Petco",FALSE,4601,stochastic_tm0.9420_qd25.56,seed_4601,ambient_77.33,6b88a97d8f305b6b031d969855c6487a8bff10cadafd6ed6940f2fa0c11c1138,1712.31259444842,1712.2245075939,83.0370214254004,0.426032651603155,0,0,3654.41973461587,15,3654.41973461587,46.6835176572635,1484.73533893147,16274.8942356,3358.45969707721,54658576.3644568,0.0271638128485351
2,DISTRIBUTION_DAVIS_diesel_seed_4601,dry_diesel,diesel,Kansas Plant,"Davis, CA Petco",FALSE,4601,stochastic_tm0.9420_qd25.56,seed_4601,ambient_77.33,6b88a97d8f305b6b031d969855c6487a8bff10cadafd6ed6940f2fa0c11c1138,1712.31259444842,1712.2245075939,37.2341857484228,0.426032651603155,0,241.307155499123,0,0,0,0,3838.94626906609,16274.8942356,3358.45969707721,54658576.3644568,0.0702350211880467
2,DISTRIBUTION_DAVIS_bev_seed_4601,refrigerated_bev,bev,Texas Plant,"Davis, CA Petco",TRUE,4601,stochastic_tm0.9420_qd25.56,seed_4601,ambient_77.33,77d76aed2cedb894eabb52e1f4bb2f347c5c2d411a5b10d914f2b3b710d3b42f,1787.2456106339,1787.16634525737,141.014641427298,0.426032651603155,141.014641427298,0,3814.36892894825,16,4337.07119620963,103.069992125496,1762.08627910966,3502.64028114,2035.76363782422,7130547.72072323,0.247117942144694
2,DISTRIBUTION_DAVIS_diesel_seed_4601,refrigerated_diesel,diesel,Texas Plant,"Davis, CA Petco",TRUE,4601,stochastic_tm0.9420_qd25.56,seed_4601,ambient_77.33,77d76aed2cedb894eabb52e1f4bb2f347c5c2d411a5b10d914f2b3b710d3b42f,1787.2456106339,1787.16634525737,38.9963175838792,0.426032651603155,38.9963175838792,289.096005709654,0,0,0,0,4326.20715800971,3502.64028114,2035.76363782422,7130547.72072323,0.606714564918572
3,DISTRIBUTION_DAVIS_bev_seed_4602,dry_bev,bev,Kansas Plant,"Davis, CA Petco",FALSE,4602,stochastic_tm0.9520_qd17.27,seed_4602,ambient_58.25,6b88a97d8f305b6b031d969855c6487a8bff10cadafd6ed6940f2fa0c11c1138,1712.31259444842,1712.2245075939,103.214477277489,0.287847278157565,0,0,4011.34648665008,15,4011.34648665008,67.2438478283105,1893.87821342989,15567.2901384,3110.850048464,48427505.2814948,0.0391074907208483
3,DISTRIBUTION_DAVIS_diesel_seed_4602,dry_diesel,diesel,Kansas Plant,"Davis, CA Petco",FALSE,4602,stochastic_tm0.9520_qd17.27,seed_4602,ambient_58.25,6b88a97d8f305b6b031d969855c6487a8bff10cadafd6ed6940f2fa0c11c1138,1712.31259444842,1712.2245075939,36.9582257760143,0.287847278157565,0,259.172153999552,0,0,0,0,4021.03104688656,15567.2901384,3110.850048464,48427505.2814948,0.0830319675464076
3,DISTRIBUTION_DAVIS_bev_seed_4602,refrigerated_bev,bev,Texas Plant,"Davis, CA Petco",TRUE,4602,stochastic_tm0.9520_qd17.27,seed_4602,ambient_58.25,77d76aed2cedb894eabb52e1f4bb2f347c5c2d411a5b10d914f2b3b710d3b42f,1787.2456106339,1787.16634525737,149.237945826889,0.748986843737498,149.237945826889,0,4186.91790025921,17,4484.36778685666,111.231789188967,2117.20590101086,2335.09352076,2091.3806743773,4883569.4621811,0.433536559151403
3,DISTRIBUTION_DAVIS_diesel_seed_4602,refrigerated_diesel,diesel,Texas Plant,"Davis, CA Petco",TRUE,4602,stochastic_tm0.9520_qd17.27,seed_4602,ambient_58.25,77d76aed2cedb894eabb52e1f4bb2f347c5c2d411a5b10d914f2b3b710d3b42f,1787.2456106339,1787.16634525737,39.0938184897439,1.06595623300501,39.0938184897439,299.772315168318,0,0,0,0,4436.07225065688,2335.09352076,2091.3806743773,4883569.4621811,0.908366776598615
4,DISTRIBUTION_DAVIS_bev_seed_4603,dry_bev,bev,Kansas Plant,"Davis, CA Petco",FALSE,4603,stochastic_tm1.0053_qd10.75,seed_4603,ambient_97.83,6b88a97d8f305b6b031d969855c6487a8bff10cadafd6ed6940f2fa0c11c1138,1712.31259444842,1712.2245075939,93.5648461702639,0.471732205873635,0,0,3894.57744873066,15,3894.57744873066,59.2076491944647,1776.94174852049,16982.4983328,3334.76367010267,56632618.4678006,0.0313766482390497
4,DISTRIBUTION_DAVIS_diesel_seed_4603,dry_diesel,diesel,Kansas Plant,"Davis, CA Petco",FALSE,4603,stochastic_tm1.0053_qd10.75,seed_4603,ambient_97.83,6b88a97d8f305b6b031d969855c6487a8bff10cadafd6ed6940f2fa0c11c1138,1712.31259444842,1712.2245075939,34.780892491358,0.179221849779521,0,265.332048843316,0,0,0,0,4083.73821809774,16982.4983328,3334.76367010267,56632618.4678006,0.0721092954658209
4,DISTRIBUTION_DAVIS_bev_seed_4603,refrigerated_bev,bev,Texas Plant,"Davis, CA Petco",TRUE,4603,stochastic_tm1.0053_qd10.75,seed_4603,ambient_97.83,77d76aed2cedb894eabb52e1f4bb2f347c5c2d411a5b10d914f2b3b710d3b42f,1787.2456106339,1787.16634525737,152.444063246623,0.179221849779521,152.444063246623,0,4065.03803356409,19,4732.52409275652,116.888409640177,2159.26368059233,5837.7338019,2165.05610591314,12639021.2124991,0.170841052031543
4,DISTRIBUTION_DAVIS_diesel_seed_4603,refrigerated_diesel,diesel,Texas Plant,"Davis, CA Petco",TRUE,4603,stochastic_tm1.0053_qd10.75,seed_4603,ambient_97.83,77d76aed2cedb894eabb52e1f4bb2f347c5c2d411a5b10d914f2b3b710d3b42f,1787.2456106339,1787.16634525737,37.0688277666576,0.179221849779521,37.0688277666577,312.23896905341,0,0,0,0,5942.22497669434,5837.7338019,2165.05610591314,12639021.2124991,0.470149141835279
5,DISTRIBUTION_DAVIS_bev_seed_4604,dry_bev,bev,Kansas Plant,"Davis, CA Petco",FALSE,4604,stochastic_tm1.0042_qd9.23,seed_4604,ambient_65.32,6b88a97d8f305b6b031d969855c6487a8bff10cadafd6ed6940f2fa0c11c1138,1712.31259444842,1712.2245075939,75.6766757618804,0.446586068645812,0,0,3617.21271326907,15,3617.21271326907,41.2826718087439,1546.31118376347,16982.4983328,3212.84865101684,54562196.8594322,0.0283403395165193
5,DISTRIBUTION_DAVIS_diesel_seed_4604,dry_diesel,diesel,Kansas Plant,"Davis, CA Petco",FALSE,4604,stochastic_tm1.0042_qd9.23,seed_4604,ambient_65.32,6b88a97d8f305b6b031d969855c6487a8bff10cadafd6ed6940f2fa0c11c1138,1712.31259444842,1712.2245075939,34.7234644666204,0.153865769143817,0,257.098169100283,0,0,0,0,3999.90177460227,16982.4983328,3212.84865101684,54562196.8594322,0.0733090308828136
5,DISTRIBUTION_DAVIS_bev_seed_4604,refrigerated_bev,bev,Texas Plant,"Davis, CA Petco",TRUE,4604,stochastic_tm1.0042_qd9.23,seed_4604,ambient_65.32,77d76aed2cedb894eabb52e1f4bb2f347c5c2d411a5b10d914f2b3b710d3b42f,1787.2456106339,1787.16634525737,129.45862845532,0.153865769143817,129.45862845532,0,3775.5334047145,16,4144.89793112752,93.8647760104132,1771.88972131752,2335.09352076,1782.55472299853,4162431.984074,0.425686168109653
5,DISTRIBUTION_DAVIS_diesel_seed_4604,refrigerated_diesel,diesel,Texas Plant,"Davis, CA Petco",TRUE,4604,stochastic_tm1.0042_qd9.23,seed_4604,ambient_65.32,77d76aed2cedb894eabb52e1f4bb2f347c5c2d411a5b10d914f2b3b710d3b42f,1787.2456106339,1787.16634525737,36.327897717652,0.153865769143817,36.3278977176519,299.876658114284,0,0,0,0,4436.26348093814,2335.09352076,1782.55472299853,4162431.984074,1.06578641955276
6,DISTRIBUTION_DAVIS_bev_seed_4605,dry_bev,bev,Kansas Plant,"Davis, CA Petco",FALSE,4605,stochastic_tm1.0306_qd20.70,seed_4605,ambient_67.93,6b88a97d8f305b6b031d969855c6487a8bff10cadafd6ed6940f2fa0c11c1138,1712.31259444842,1712.2245075939,81.8114571799216,0.693949417033979,0,0,3715.431861307,15,3715.431861307,48.2342579788843,926.467369673023,16274.8942356,3277.20767180036,53336208.2466477,0.0173703268404209
6,DISTRIBUTION_DAVIS_diesel_seed_4605,dry_diesel,diesel,Kansas Plant,"Davis, CA Petco",FALSE,4605,stochastic_tm1.0306_qd20.70,seed_4605,ambient_67.93,6b88a97d8f305b6b031d969855c6487a8bff10cadafd6ed6940f2fa0c11c1138,1712.31259444842,1712.2245075939,34.5672619365147,0.671992254824801,0,238.196836604748,0,0,0,0,3807.31268647189,16274.8942356,3277.20767180036,53336208.2466477,0.0713832649832431
6,DISTRIBUTION_DAVIS_bev_seed_4605,refrigerated_bev,bev,Texas Plant,"Davis, CA Petco",TRUE,4605,stochastic_tm1.0306_qd20.70,seed_4605,ambient_67.93,77d76aed2cedb894eabb52e1f4bb2f347c5c2d411a5b10d914f2b3b710d3b42f,1787.2456106339,1787.16634525737,143.156602793198,0.671992254824801,143.156602793198,0,3878.0514769969,16,4261.86015397998,108.147004002389,1062.72285811295,2918.86690095,2155.19144142836,6290716.96359597,0.168935093450058
6,DISTRIBUTION_DAVIS_diesel_seed_4605,refrigerated_diesel,diesel,Texas Plant,"Davis, CA Petco",TRUE,4605,stochastic_tm1.0306_qd20.70,seed_4605,ambient_67.93,77d76aed2cedb894eabb52e1f4bb2f347c5c2d411a5b10d914f2b3b710d3b42f,1787.2456106339,1787.16634525737,35.9910797554062,0.569614841812432,35.9910797554062,279.710186634913,0,0,0,0,4230.43572520065,2918.86690095,2155.19144142836,6290716.96359597,0.672488644725545
7,DISTRIBUTION_DAVIS_bev_seed_4606,dry_bev,bev,Kansas Plant,"Davis, CA Petco",FALSE,4606,stochastic_tm0.9967_qd13.47,seed_4606,ambient_75.42,6b88a97d8f305b6b031d969855c6487a8bff10cadafd6ed6940f2fa0c11c1138,1712.31259444842,1712.2245075939,130.077130432586,0.224487301683038,0,0,4468.18757628034,17,4468.18757628034,95.7175905439911,2915.97626767812,16982.4983328,3012.52451139784,51160192.492333,0.0569969760789136
7,DISTRIBUTION_DAVIS_diesel_seed_4606,dry_diesel,diesel,Kansas Plant,"Davis, CA Petco",FALSE,4606,stochastic_tm0.9967_qd13.47,seed_4606,ambient_75.42,6b88a97d8f305b6b031d969855c6487a8bff10cadafd6ed6940f2fa0c11c1138,1712.31259444842,1712.2245075939,35.4260901858988,0.546449430890441,0,246.555143407128,0,0,0,0,3892.56819447965,16982.4983328,3012.52451139784,51160192.492333,0.0760858785873998
7,DISTRIBUTION_DAVIS_bev_seed_4606,refrigerated_bev,bev,Texas Plant,"Davis, CA Petco",TRUE,4606,stochastic_tm0.9967_qd13.47,seed_4606,ambient_75.42,77d76aed2cedb894eabb52e1f4bb2f347c5c2d411a5b10d914f2b3b710d3b42f,1787.2456106339,1787.16634525737,92.9354164684097,0.224487301683038,92.9354164684097,0,4663.75432965085,23,5145.1757109459,57.0720042493449,3357.78433873224,2653.5153645,2425.55567016001,6436249.23821967,0.521698929679895
7,DISTRIBUTION_DAVIS_diesel_seed_4606,refrigerated_diesel,diesel,Texas Plant,"Davis, CA Petco",TRUE,4606,stochastic_tm0.9967_qd13.47,seed_4606,ambient_75.42,77d76aed2cedb894eabb52e1f4bb2f347c5c2d411a5b10d914f2b3b710d3b42f,1787.2456106339,1787.16634525737,37.0464961205124,0.567198663549396,37.0464961205125,291.694004276862,0,0,0,0,4354.18331056435,2653.5153645,2425.55567016001,6436249.23821967,0.676509431099775
8,DISTRIBUTION_DAVIS_bev_seed_4607,dry_bev,bev,Kansas Plant,"Davis, CA Petco",FALSE,4607,stochastic_tm0.9834_qd38.95,seed_4607,ambient_67.32,6b88a97d8f305b6b031d969855c6487a8bff10cadafd6ed6940f2fa0c11c1138,1712.31259444842,1712.2245075939,98.6385607740441,0.649200356659907,0,0,3909.93206303838,15,3909.93206303838,63.8160019166017,1748.66877159262,16274.8942356,3315.09355279827,53952796.9529113,0.0324110865488367
8,DISTRIBUTION_DAVIS_diesel_seed_4607,dry_diesel,diesel,Kansas Plant,"Davis, CA Petco",FALSE,4607,stochastic_tm0.9834_qd38.95,seed_4607,ambient_67.32,6b88a97d8f305b6b031d969855c6487a8bff10cadafd6ed6940f2fa0c11c1138,1712.31259444842,1712.2245075939,36.0621352159651,0.649200356659907,0,238.070265238364,0,0,0,0,3806.65776648018,16274.8942356,3315.09355279827,53952796.9529113,0.070555336914276
8,DISTRIBUTION_DAVIS_bev_seed_4607,refrigerated_bev,bev,Texas Plant,"Davis, CA Petco",TRUE,4607,stochastic_tm0.9834_qd38.95,seed_4607,ambient_67.32,77d76aed2cedb894eabb52e1f4bb2f347c5c2d411a5b10d914f2b3b710d3b42f,1787.2456106339,1787.16634525737,154.709537583267,1.51809074243699,154.709537583267,0,4081.06469935089,17,4476.22313222944,117.493950272086,2001.93545049157,2653.5153645,2401.49541527613,6372404.98221152,0.314156971517025
8,DISTRIBUTION_DAVIS_diesel_seed_4607,refrigerated_diesel,diesel,Texas Plant,"Davis, CA Petco",TRUE,4607,stochastic_tm0.9834_qd38.95,seed_4607,ambient_67.32,77d76aed2cedb894eabb52e1f4bb2f347c5c2d411a5b10d914f2b3b710d3b42f,1787.2456106339,1787.16634525737,38.1428632900382,1.0032232492671,38.1428632900382,280.987454517478,0,0,0,0,4243.62510662524,2653.5153645,2401.49541527613,6372404.98221152,0.665937761091968
9,DISTRIBUTION_DAVIS_bev_seed_4608,dry_bev,bev,Kansas Plant,"Davis, CA Petco",FALSE,4608,stochastic_tm1.0408_qd12.63,seed_4608,ambient_67.39,6b88a97d8f305b6b031d969855c6487a8bff10cadafd6ed6940f2fa0c11c1138,1712.31259444842,1712.2245075939,94.840540696183,1.51254003561543,0,0,4024.83021600319,15,4024.83021600319,60.635834682766,2351.13922159085,16982.4983328,2901.71244013048,49278326.6767809,0.0477114256945471
9,DISTRIBUTION_DAVIS_diesel_seed_4608,dry_diesel,diesel,Kansas Plant,"Davis, CA Petco",FALSE,4608,stochastic_tm1.0408_qd12.63,seed_4608,ambient_67.39,6b88a97d8f305b6b031d969855c6487a8bff10cadafd6ed6940f2fa0c11c1138,1712.31259444842,1712.2245075939,33.8915316929112,0.489877685764909,0,241.971268873099,0,0,0,0,3846.55400579221,16982.4983328,2901.71244013048,49278326.6767809,0.0780577236524681
9,DISTRIBUTION_DAVIS_bev_seed_4608,refrigerated_bev,bev,Texas Plant,"Davis, CA Petco",TRUE,4608,stochastic_tm1.0408_qd12.63,seed_4608,ambient_67.39,77d76aed2cedb894eabb52e1f4bb2f347c5c2d411a5b10d914f2b3b710d3b42f,1787.2456106339,1787.16634525737,146.503012490014,0.616132598369701,146.503012490014,0,4200.99179489253,17,4579.40408587777,111.754606768936,2675.09832216286,3184.2184374,2746.11635253069,8744234.32097385,0.305927108534408
9,DISTRIBUTION_DAVIS_diesel_seed_4608,refrigerated_diesel,diesel,Texas Plant,"Davis, CA Petco",TRUE,4608,stochastic_tm1.0408_qd12.63,seed_4608,ambient_67.39,77d76aed2cedb894eabb52e1f4bb2f347c5c2d411a5b10d914f2b3b710d3b42f,1787.2456106339,1787.16634525737,35.2750701324863,0.467420135922357,35.2750701324863,283.526160886471,0,0,0,0,4269.16707811014,3184.2184374,2746.11635253069,8744234.32097385,0.488226518343653
10,DISTRIBUTION_DAVIS_bev_seed_4609,dry_bev,bev,Kansas Plant,"Davis, CA Petco",FALSE,4609,stochastic_tm0.9507_qd5.96,seed_4609,ambient_57.77,6b88a97d8f305b6b031d969855c6487a8bff10cadafd6ed6940f2fa0c11c1138,1712.31259444842,1712.2245075939,100.583114355975,0.783204718355712,0,0,3964.53205895194,15,3964.53205895194,63.8803132959099,1114.15738142322,16274.8942356,3144.7551975286,51180558.2366313,0.0217691525807897
10,DISTRIBUTION_DAVIS_diesel_seed_4609,dry_diesel,diesel,Kansas Plant,"Davis, CA Petco",FALSE,4609,stochastic_tm0.9507_qd5.96,seed_4609,ambient_57.77,6b88a97d8f305b6b031d969855c6487a8bff10cadafd6ed6940f2fa0c11c1138,1712.31259444842,1712.2245075939,36.7149006721842,0.0993276338645014,0,238.809293768946,0,0,0,0,3813.78879974733,16274.8942356,3144.7551975286,51180558.2366313,0.0745163579911424
10,DISTRIBUTION_DAVIS_bev_seed_4609,refrigerated_bev,bev,Texas Plant,"Davis, CA Petco",TRUE,4609,stochastic_tm0.9507_qd5.96,seed_4609,ambient_57.77,77d76aed2cedb894eabb52e1f4bb2f347c5c2d411a5b10d914f2b3b710d3b42f,1787.2456106339,1787.16634525737,141.137244107434,0.0993276338645014,141.137244107433,0,4138.0544660054,17,4431.4454555152,103.541818720147,1245.37463469065,3184.2184374,2325.09503834301,7403610.48979906,0.168211798339009
10,DISTRIBUTION_DAVIS_diesel_seed_4609,refrigerated_diesel,diesel,Texas Plant,"Davis, CA Petco",TRUE,4609,stochastic_tm0.9507_qd5.96,seed_4609,ambient_57.77,77d76aed2cedb894eabb52e1f4bb2f347c5c2d411a5b10d914f2b3b710d3b42f,1787.2456106339,1787.16634525737,38.5286399834098,0.0993276338645014,38.5286399834098,278.12746509916,0,0,0,0,4214.21822801848,3184.2184374,2325.09503834301,7403610.48979906,0.569211229281304
11,DISTRIBUTION_DAVIS_bev_seed_4610,dry_bev,bev,Kansas Plant,"Davis, CA Petco",FALSE,4610,stochastic_tm1.0346_qd17.94,seed_4610,ambient_57.58,6b88a97d8f305b6b031d969855c6487a8bff10cadafd6ed6940f2fa0c11c1138,1712.31259444842,1712.2245075939,78.1066548970746,0.299007076248229,0,0,4588.54853186779,19,4588.54853186779,45.0066251357441,1447.24142061387,16982.4983328,3182.89967800461,54053588.475183,0.0267741968931133
11,DISTRIBUTION_DAVIS_diesel_seed_4610,dry_diesel,diesel,Kansas Plant,"Davis, CA Petco",FALSE,4610,stochastic_tm1.0346_qd17.94,seed_4610,ambient_57.58,6b88a97d8f305b6b031d969855c6487a8bff10cadafd6ed6940f2fa0c11c1138,1712.31259444842,1712.2245075939,34.1034079686234,0.299007076248229,0,260.276675503655,0,0,0,0,4032.30570200454,16982.4983328,3182.89967800461,54053588.475183,0.0745982980178244
11,DISTRIBUTION_DAVIS_bev_seed_4610,refrigerated_bev,bev,Texas Plant,"Davis, CA Petco",TRUE,4610,stochastic_tm1.0346_qd17.94,seed_4610,ambient_57.58,77d76aed2cedb894eabb52e1f4bb2f347c5c2d411a5b10d914f2b3b710d3b42f,1787.2456106339,1787.16634525737,90.9675723742961,0.573729448327391,90.9675723742962,0,4789.38332757427,23,5057.65106314244,56.1440750290128,1595.19770985446,2653.5153645,2176.5465900045,5775499.81812701,0.276200806871773
11,DISTRIBUTION_DAVIS_diesel_seed_4610,refrigerated_diesel,diesel,Texas Plant,"Davis, CA Petco",TRUE,4610,stochastic_tm1.0346_qd17.94,seed_4610,ambient_57.58,77d76aed2cedb894eabb52e1f4bb2f347c5c2d411a5b10d914f2b3b710d3b42f,1787.2456106339,1787.16634525737,35.456266356536,0.299007076248229,35.4562663565361,298.526945856385,0,0,0,0,4422.06235133468,2653.5153645,2176.5465900045,5775499.81812701,0.765658815788648
12,DISTRIBUTION_DAVIS_bev_seed_4611,dry_bev,bev,Kansas Plant,"Davis, CA Petco",FALSE,4611,stochastic_tm0.9828_qd16.40,seed_4611,ambient_63.09,6b88a97d8f305b6b031d969855c6487a8bff10cadafd6ed6940f2fa0c11c1138,1712.31259444842,1712.2245075939,69.6561758073892,0.27339224152084,0,0,3484.81090607731,15,3484.81090607731,34.8122922068665,1622.88861015816,16274.8942356,2958.00083995232,48141150.81904,0.0337110472547387
12,DISTRIBUTION_DAVIS_diesel_seed_4611,dry_diesel,diesel,Kansas Plant,"Davis, CA Petco",FALSE,4611,stochastic_tm0.9828_qd16.40,seed_4611,ambient_63.09,6b88a97d8f305b6b031d969855c6487a8bff10cadafd6ed6940f2fa0c11c1138,1712.31259444842,1712.2245075939,36.3418942197631,0.863211093105483,0,267.399291138796,0,0,0,0,4104.84172582259,16274.8942356,2958.00083995232,48141150.81904,0.0852667968252872
12,DISTRIBUTION_DAVIS_bev_seed_4611,refrigerated_bev,bev,Texas Plant,"Davis, CA Petco",TRUE,4611,stochastic_tm0.9828_qd16.40,seed_4611,ambient_63.09,77d76aed2cedb894eabb52e1f4bb2f347c5c2d411a5b10d914f2b3b710d3b42f,1787.2456106339,1787.16634525737,126.19362938051,0.27339224152084,126.19362938051,0,3637.33654278725,16,3982.98469923469,89.8246743557822,1854.88988557442,2122.8122916,2211.79389677086,4695223.27055104,0.395058930894404
12,DISTRIBUTION_DAVIS_diesel_seed_4611,refrigerated_diesel,diesel,Texas Plant,"Davis, CA Petco",TRUE,4611,stochastic_tm0.9828_qd16.40,seed_4611,ambient_63.09,77d76aed2cedb894eabb52e1f4bb2f347c5c2d411a5b10d914f2b3b710d3b42f,1787.2456106339,1787.16634525737,37.8573990911004,0.27339224152084,37.8573990911005,309.833413326645,0,0,0,0,5919.22198669983,2122.8122916,2211.79389677086,4695223.27055104,1.26069020483559
13,DISTRIBUTION_DAVIS_bev_seed_4612,dry_bev,bev,Kansas Plant,"Davis, CA Petco",FALSE,4612,stochastic_tm1.0042_qd10.82,seed_4612,ambient_72.43,6b88a97d8f305b6b031d969855c6487a8bff10cadafd6ed6940f2fa0c11c1138,1712.31259444842,1712.2245075939,88.265941066105,0.738399936517907,0,0,3912.19631220971,15,3912.19631220971,53.6069497055085,1264.03208666994,16274.8942356,3343.14724567146,54409367.8373405,0.0232318833486327
13,DISTRIBUTION_DAVIS_diesel_seed_4612,dry_diesel,diesel,Kansas Plant,"Davis, CA Petco",FALSE,4612,stochastic_tm1.0042_qd10.82,seed_4612,ambient_72.43,6b88a97d8f305b6b031d969855c6487a8bff10cadafd6ed6940f2fa0c11c1138,1712.31259444842,1712.2245075939,34.9341805673004,0.180302268159914,0,233.77144368752,0,0,0,0,3765.66742250323,16274.8942356,3343.14724567146,54409367.8373405,0.0692099094729584
13,DISTRIBUTION_DAVIS_bev_seed_4612,refrigerated_bev,bev,Texas Plant,"Davis, CA Petco",TRUE,4612,stochastic_tm1.0042_qd10.82,seed_4612,ambient_72.43,77d76aed2cedb894eabb52e1f4bb2f347c5c2d411a5b10d914f2b3b710d3b42f,1787.2456106339,1787.16634525737,147.864193622349,0.180302268159914,147.864193622349,0,4083.42805176077,17,4526.4080778868,112.27074820694,1462.48413709568,2653.5153645,2026.45847828525,5377238.70765121,0.271976792663998
13,DISTRIBUTION_DAVIS_diesel_seed_4612,refrigerated_diesel,diesel,Texas Plant,"Davis, CA Petco",TRUE,4612,stochastic_tm1.0042_qd10.82,seed_4612,ambient_72.43,77d76aed2cedb894eabb52e1f4bb2f347c5c2d411a5b10d914f2b3b710d3b42f,1787.2456106339,1787.16634525737,36.9120694782322,0.738399936517907,36.9120694782322,277.726660158788,0,0,0,0,4211.88494534493,2653.5153645,2026.45847828525,5377238.70765121,0.78328026229371
14,DISTRIBUTION_DAVIS_bev_seed_4613,dry_bev,bev,Kansas Plant,"Davis, CA Petco",FALSE,4613,stochastic_tm0.9343_qd27.28,seed_4613,ambient_75.21,6b88a97d8f305b6b031d969855c6487a8bff10cadafd6ed6940f2fa0c11c1138,1712.31259444842,1712.2245075939,76.7172642572206,0.808947593453155,0,0,3508.123403775,15,3508.123403775,39.7087486532054,1751.79916169553,16791.9895374,3288.52706958494,55220912.1459269,0.0317234738366187
14,DISTRIBUTION_DAVIS_diesel_seed_4613,dry_diesel,diesel,Kansas Plant,"Davis, CA Petco",FALSE,4613,stochastic_tm0.9343_qd27.28,seed_4613,ambient_75.21,6b88a97d8f305b6b031d969855c6487a8bff10cadafd6ed6940f2fa0c11c1138,1712.31259444842,1712.2245075939,38.3303763381092,0.977587397161511,0,228.262753993033,0,0,0,0,3706.41012237515,16791.9895374,3288.52706958494,55220912.1459269,0.0671196830755092
14,DISTRIBUTION_DAVIS_bev_seed_4613,refrigerated_bev,bev,Texas Plant,"Davis, CA Petco",TRUE,4613,stochastic_tm0.9343_qd27.28,seed_4613,ambient_75.21,77d76aed2cedb894eabb52e1f4bb2f347c5c2d411a5b10d914f2b3b710d3b42f,1787.2456106339,1787.16634525737,133.25336275831,0.727932862503743,133.253362758309,0,3661.66939816014,16,4174.90210962623,94.7215530740313,2084.75848025591,4457.90581236,1685.66814492819,7514549.82098547,0.27742959058358
14,DISTRIBUTION_DAVIS_diesel_seed_4613,refrigerated_diesel,diesel,Texas Plant,"Davis, CA Petco",TRUE,4613,stochastic_tm0.9343_qd27.28,seed_4613,ambient_75.21,77d76aed2cedb894eabb52e1f4bb2f347c5c2d411a5b10d914f2b3b710d3b42f,1787.2456106339,1787.16634525737,39.35841463706,0.454682137955507,39.35841463706,275.206863154626,0,0,0,0,4185.02537508104,4457.90581236,1685.66814492819,7514549.82098547,0.556922966082912
15,DISTRIBUTION_DAVIS_bev_seed_4614,dry_bev,bev,Kansas Plant,"Davis, CA Petco",FALSE,4614,stochastic_tm1.0694_qd10.68,seed_4614,ambient_44.63,6b88a97d8f305b6b031d969855c6487a8bff10cadafd6ed6940f2fa0c11c1138,1712.31259444842,1712.2245075939,124.173997903167,0.17807989177008,0,0,4360.4306119169,16,4360.4306119169,92.1513562406876,1469.58333358904,16274.8942356,3264.76801461142,53133754.1415707,0.0276581874804752
15,DISTRIBUTION_DAVIS_diesel_seed_4614,dry_diesel,diesel,Kansas Plant,"Davis, CA Petco",FALSE,4614,stochastic_tm1.0694_qd10.68,seed_4614,ambient_44.63,6b88a97d8f305b6b031d969855c6487a8bff10cadafd6ed6940f2fa0c11c1138,1712.31259444842,1712.2245075939,32.8640486271572,0.17807989177008,0,250.790008806603,0,0,0,0,3936.30534241398,16274.8942356,3264.76801461142,53133754.1415707,0.0740829517132556
15,DISTRIBUTION_DAVIS_bev_seed_4614,refrigerated_bev,bev,Texas Plant,"Davis, CA Petco",TRUE,4614,stochastic_tm1.0694_qd10.68,seed_4614,ambient_44.63,77d76aed2cedb894eabb52e1f4bb2f347c5c2d411a5b10d914f2b3b710d3b42f,1787.2456106339,1787.16634525737,139.134861084734,0.17807989177008,139.134861084734,0,4551.28098323897,18,4690.50823969816,105.710630084886,1580.82844301753,3184.2184374,1805.13180474205,5747933.97459676,0.275025504816873
15,DISTRIBUTION_DAVIS_diesel_seed_4614,refrigerated_diesel,diesel,Texas Plant,"Davis, CA Petco",TRUE,4614,stochastic_tm1.0694_qd10.68,seed_4614,ambient_44.63,77d76aed2cedb894eabb52e1f4bb2f347c5c2d411a5b10d914f2b3b710d3b42f,1787.2456106339,1787.16634525737,34.4168490668646,0.512450190325047,34.4168490668646,281.196307769503,0,0,0,0,4246.09932416254,3184.2184374,1805.13180474205,5747933.97459676,0.738717484043546
16,DISTRIBUTION_DAVIS_bev_seed_4615,dry_bev,bev,Kansas Plant,"Davis, CA Petco",FALSE,4615,stochastic_tm0.9523_qd10.03,seed_4615,ambient_94.23,6b88a97d8f305b6b031d969855c6487a8bff10cadafd6ed6940f2fa0c11c1138,1712.31259444842,1712.2245075939,84.8561692330415,0.809373510186919,0,0,3822.32618550532,15,3822.32618550532,48.2536429172495,1784.06157555847,16274.8942356,3222.41966100992,52444539.1656545,0.0340180618219034
16,DISTRIBUTION_DAVIS_diesel_seed_4615,dry_diesel,diesel,Kansas Plant,"Davis, CA Petco",FALSE,4615,stochastic_tm0.9523_qd10.03,seed_4615,ambient_94.23,6b88a97d8f305b6b031d969855c6487a8bff10cadafd6ed6940f2fa0c11c1138,1712.31259444842,1712.2245075939,37.1186337865069,0.568096440128771,0,241.656076325661,0,0,0,0,3842.56698527491,16274.8942356,3222.41966100992,52444539.1656545,0.0732691534029414
16,DISTRIBUTION_DAVIS_bev_seed_4615,refrigerated_bev,bev,Texas Plant,"Davis, CA Petco",TRUE,4615,stochastic_tm0.9523_qd10.03,seed_4615,ambient_94.23,77d76aed2cedb894eabb52e1f4bb2f347c5c2d411a5b10d914f2b3b710d3b42f,1787.2456106339,1787.16634525737,149.95410590973,2.19569040285473,149.954105909731,0,3989.62442660659,18,4659.75648662357,110.39132721367,2174.9301592233,2918.86690095,2241.95470167055,6543967.3721354,0.332356510285226
16,DISTRIBUTION_DAVIS_diesel_seed_4615,refrigerated_diesel,diesel,Texas Plant,"Davis, CA Petco",TRUE,4615,stochastic_tm0.9523_qd10.03,seed_4615,ambient_94.23,77d76aed2cedb894eabb52e1f4bb2f347c5c2d411a5b10d914f2b3b710d3b42f,1787.2456106339,1787.16634525737,38.7439643853399,0.686899241455194,38.74396438534,289.618578339947,0,0,0,0,4331.50812811277,2918.86690095,2241.95470167055,6543967.3721354,0.661908576524478
17,DISTRIBUTION_DAVIS_bev_seed_4616,dry_bev,bev,Kansas Plant,"Davis, CA Petco",FALSE,4616,stochastic_tm0.9626_qd10.78,seed_4616,ambient_60.29,6b88a97d8f305b6b031d969855c6487a8bff10cadafd6ed6940f2fa0c11c1138,1712.31259444842,1712.2245075939,74.4002393626627,0.521080182320806,0,0,3579.08606022395,15,3579.08606022395,38.4850986175222,1992.74152554405,16982.4983328,2937.27207555281,49882218.1260556,0.0399489357211073
17,DISTRIBUTION_DAVIS_diesel_seed_4616,dry_diesel,diesel,Kansas Plant,"Davis, CA Petco",FALSE,4616,stochastic_tm0.9626_qd10.78,seed_4616,ambient_60.29,6b88a97d8f305b6b031d969855c6487a8bff10cadafd6ed6940f2fa0c11c1138,1712.31259444842,1712.2245075939,36.2941057554305,0.179690964198795,0,236.305623827437,0,0,0,0,3788.5561959677,16982.4983328,2937.27207555281,49882218.1260556,0.0759500346675397
17,DISTRIBUTION_DAVIS_bev_seed_4616,refrigerated_bev,bev,Texas Plant,"Davis, CA Petco",TRUE,4616,stochastic_tm0.9626_qd10.78,seed_4616,ambient_60.29,77d76aed2cedb894eabb52e1f4bb2f347c5c2d411a5b10d914f2b3b710d3b42f,1787.2456106339,1787.16634525737,127.432720589757,0.496008516020632,127.432720589757,0,3735.7379977002,16,4056.96804815529,89.9856347177363,2258.81371985187,3502.64028114,2003.27849545196,7016763.95251156,0.321916731863747
17,DISTRIBUTION_DAVIS_diesel_seed_4616,refrigerated_diesel,diesel,Texas Plant,"Davis, CA Petco",TRUE,4616,stochastic_tm0.9626_qd10.78,seed_4616,ambient_60.29,77d76aed2cedb894eabb52e1f4bb2f347c5c2d411a5b10d914f2b3b710d3b42f,1787.2456106339,1787.16634525737,38.6368003238949,0.807091185628732,38.6368003238949,276.714283269495,0,0,0,0,4199.8536078705,3502.64028114,2003.27849545196,7016763.95251156,0.598545659551112
18,DISTRIBUTION_DAVIS_bev_seed_4617,dry_bev,bev,Kansas Plant,"Davis, CA Petco",FALSE,4617,stochastic_tm0.9328_qd33.89,seed_4617,ambient_46.93,6b88a97d8f305b6b031d969855c6487a8bff10cadafd6ed6940f2fa0c11c1138,1712.31259444842,1712.2245075939,106.816334089999,2.16608211195146,0,0,4007.22253399684,15,4007.22253399684,68.5040364695145,1917.04113104478,15567.2901384,3132.89470293174,48770680.8135949,0.0393072456456339
18,DISTRIBUTION_DAVIS_diesel_seed_4617,dry_diesel,diesel,Kansas Plant,"Davis, CA Petco",FALSE,4617,stochastic_tm0.9328_qd33.89,seed_4617,ambient_46.93,6b88a97d8f305b6b031d969855c6487a8bff10cadafd6ed6940f2fa0c11c1138,1712.31259444842,1712.2245075939,38.1510532262463,0.874760719330951,0,243.302555540452,0,0,0,0,3859.2617366138,15567.2901384,3132.89470293174,48770680.8135949,0.0791307743142685
18,DISTRIBUTION_DAVIS_bev_seed_4617,refrigerated_bev,bev,Texas Plant,"Davis, CA Petco",TRUE,4617,stochastic_tm0.9328_qd33.89,seed_4617,ambient_46.93,77d76aed2cedb894eabb52e1f4bb2f347c5c2d411a5b10d914f2b3b710d3b42f,1787.2456106339,1787.16634525737,149.126770257556,1.08037124843904,149.126770257556,0,4182.61344756704,16,4361.42334812085,110.29339227891,2086.48955163149,5307.030729,2747.56364564095,14581404.6972998,0.143092493140792
18,DISTRIBUTION_DAVIS_diesel_seed_4617,refrigerated_diesel,diesel,Texas Plant,"Davis, CA Petco",TRUE,4617,stochastic_tm0.9328_qd33.89,seed_4617,ambient_46.93,77d76aed2cedb894eabb52e1f4bb2f347c5c2d411a5b10d914f2b3b710d3b42f,1787.2456106339,1787.16634525737,40.6352511402263,1.64645350303324,40.6352511402263,277.299184549476,0,0,0,0,4205.77733304964,5307.030729,2747.56364564095,14581404.6972998,0.288434305223589
19,DISTRIBUTION_DAVIS_bev_seed_4618,dry_bev,bev,Kansas Plant,"Davis, CA Petco",FALSE,4618,stochastic_tm0.9363_qd22.41,seed_4618,ambient_47.34,6b88a97d8f305b6b031d969855c6487a8bff10cadafd6ed6940f2fa0c11c1138,1712.31259444842,1712.2245075939,86.2633360981354,0.373477470640406,0,0,3708.30841019286,15,3708.30841019286,49.6888117589177,1907.58495013479,16274.8942356,3124.05999363318,50843745.9820492,0.0375185760468609
19,DISTRIBUTION_DAVIS_diesel_seed_4618,dry_diesel,diesel,Kansas Plant,"Davis, CA Petco",FALSE,4618,stochastic_tm0.9363_qd22.41,seed_4618,ambient_47.34,6b88a97d8f305b6b031d969855c6487a8bff10cadafd6ed6940f2fa0c11c1138,1712.31259444842,1712.2245075939,38.0169840915728,1.02594435624799,0,257.568907336808,0,0,0,0,4004.65045322625,16274.8942356,3124.05999363318,50843745.9820492,0.078763875003233
19,DISTRIBUTION_DAVIS_bev_seed_4618,refrigerated_bev,bev,Texas Plant,"Davis, CA Petco",TRUE,4618,stochastic_tm0.9363_qd22.41,seed_4618,ambient_47.34,77d76aed2cedb894eabb52e1f4bb2f347c5c2d411a5b10d914f2b3b710d3b42f,1787.2456106339,1787.16634525737,131.260120782834,2.08439173149834,131.260120782834,0,3870.61624170106,16,4054.45497838655,91.3738628664295,2085.64564816416,2918.86690095,2151.45721974526,6279817.26752434,0.332118843481313
19,DISTRIBUTION_DAVIS_diesel_seed_4618,refrigerated_diesel,diesel,Texas Plant,"Davis, CA Petco",TRUE,4618,stochastic_tm0.9363_qd22.41,seed_4618,ambient_47.34,77d76aed2cedb894eabb52e1f4bb2f347c5c2d411a5b10d914f2b3b710d3b42f,1787.2456106339,1787.16634525737,39.0618994729482,0.373477470640406,39.0618994729481,292.34442716295,0,0,0,0,4359.07783617385,2918.86690095,2151.45721974526,6279817.26752434,0.694140872333425
20,DISTRIBUTION_DAVIS_bev_seed_4619,dry_bev,bev,Kansas Plant,"Davis, CA Petco",FALSE,4619,stochastic_tm0.9721_qd23.16,seed_4619,ambient_97.45,6b88a97d8f305b6b031d969855c6487a8bff10cadafd6ed6940f2fa0c11c1138,1712.31259444842,1712.2245075939,92.9650890544538,0.386042925736002,0,0,3892.73192803783,15,3892.73192803783,57.7372933908916,1000.93634379009,16274.8942356,3390.19478200787,55175061.5152611,0.0181411006404268
20,DISTRIBUTION_DAVIS_diesel_seed_4619,dry_diesel,diesel,Kansas Plant,"Davis, CA Petco",FALSE,4619,stochastic_tm0.9721_qd23.16,seed_4619,ambient_97.45,6b88a97d8f305b6b031d969855c6487a8bff10cadafd6ed6940f2fa0c11c1138,1712.31259444842,1712.2245075939,36.2201864152859,0.386042925736002,0,239.589353826708,0,0,0,0,3821.48510453163,16274.8942356,3390.19478200787,55175061.5152611,0.0692610936822359
20,DISTRIBUTION_DAVIS_bev_seed_4619,refrigerated_bev,bev,Texas Plant,"Davis, CA Petco",TRUE,4619,stochastic_tm0.9721_qd23.16,seed_4619,ambient_97.45,77d76aed2cedb894eabb52e1f4bb2f347c5c2d411a5b10d914f2b3b710d3b42f,1787.2456106339,1787.16634525737,155.71550378318,0.813856559366874,155.71550378318,0,4063.1117368331,20,4749.00701826793,118.518019730573,1221.10995808915,5572.38226545,2358.20524160062,13140821.0665865,0.0929249361133223
20,DISTRIBUTION_DAVIS_diesel_seed_4619,refrigerated_diesel,diesel,Texas Plant,"Davis, CA Petco",TRUE,4619,stochastic_tm0.9721_qd23.16,seed_4619,ambient_97.45,77d76aed2cedb894eabb52e1f4bb2f347c5c2d411a5b10d914f2b3b710d3b42f,1787.2456106339,1787.16634525737,37.6226635328689,0.386042925736002,37.622663532869,286.66049379573,0,0,0,0,4301.14216969672,5572.38226545,2358.20524160062,13140821.0665865,0.327311523983333
